{
  "TD-GRU": {
    "pr_auc": 0.01395564961837963,
    "roc_auc": 0.730973095836162,
    "brier": 0.10900875103137736
  },
  "GRU-D": {
    "pr_auc": 0.014964437948171948,
    "roc_auc": 0.7212655282727904,
    "brier": 0.09399109556555149
  },
  "Standard GRU": {
    "pr_auc": 0.014241101923033348,
    "roc_auc": 0.7317893640590856,
    "brier": 0.11401091665135793
  },
  "XGBoost": {
    "pr_auc": 0.015443332102905999,
    "roc_auc": 0.718695170918564,
    "brier": 0.0090656312538164
  }
}